<?xml version="1.0" encoding="UTF-8"?>
<GenRun Id="clk_wiz_1_synth_1" LaunchPart="xc7s50csga324-1" LaunchTime="1761871422">
  <File Type="PA-TCL" Name="clk_wiz_1.tcl"/>
  <File Type="RDS-PROPCONSTRS" Name="clk_wiz_1_drc_synth.rpt"/>
  <File Type="REPORTS-TCL" Name="clk_wiz_1_reports.tcl"/>
  <File Type="RDS-RDS" Name="clk_wiz_1.vds"/>
  <File Type="RDS-UTIL" Name="clk_wiz_1_utilization_synth.rpt"/>
  <File Type="RDS-UTIL-PB" Name="clk_wiz_1_utilization_synth.pb"/>
  <File Type="RDS-DCP" Name="clk_wiz_1.dcp"/>
  <File Type="VDS-TIMINGSUMMARY" Name="clk_wiz_1_timing_summary_synth.rpt"/>
  <File Type="VDS-TIMING-PB" Name="clk_wiz_1_timing_summary_synth.pb"/>
  <FileSet Name="sources" Type="BlockSrcs" RelSrcDir="$PSRCDIR/clk_wiz_1">
    <File Path="$PPRDIR/../../../../../../../Users/Samwa/ALL_ece385/ECE385_github/ip_repo/hdmi_text_controller_1_0/src/clk_wiz_1/clk_wiz_1.xci">
      <FileInfo>
        <Attr Name="Library" Val=""/>
        <Attr Name="UsedIn" Val="synthesis"/>
        <Attr Name="UsedIn" Val="implementation"/>
        <Attr Name="UsedIn" Val="simulation"/>
      </FileInfo>
    </File>
    <Config>
      <Option Name="TopModule" Val="clk_wiz_1"/>
      <Option Name="UseBlackboxStub" Val="1"/>
    </Config>
  </FileSet>
  <FileSet Name="constrs_in" Type="BlockSrcs" RelSrcDir="$PSRCDIR/clk_wiz_1">
    <File Path="$PPRDIR/../../../../../../../Users/Samwa/ALL_ece385/ECE385_github/ip_repo/hdmi_text_controller_1_0/src/clk_wiz_1/clk_wiz_1.xci">
      <FileInfo>
        <Attr Name="Library" Val=""/>
        <Attr Name="UsedIn" Val="synthesis"/>
        <Attr Name="UsedIn" Val="implementation"/>
        <Attr Name="UsedIn" Val="simulation"/>
      </FileInfo>
    </File>
    <Config>
      <Option Name="TopModule" Val="clk_wiz_1"/>
      <Option Name="UseBlackboxStub" Val="1"/>
    </Config>
  </FileSet>
  <FileSet Name="utils" Type="Utils" RelSrcDir="$PSRCDIR/utils_1">
    <Filter Type="Utils"/>
    <Config>
      <Option Name="TopAutoSet" Val="TRUE"/>
    </Config>
  </FileSet>
  <Strategy Version="1" Minor="2">
    <StratHandle Name="Vivado Synthesis Defaults" Flow="Vivado Synthesis 2022">
      <Desc>Vivado Synthesis Defaults</Desc>
    </StratHandle>
    <Step Id="synth_design"/>
  </Strategy>
</GenRun>
